,scientificName,decimalLatitude,decimalLongitude
0,Warileya rotundipennis,5.8137,-75.8225
3,Warileya rotundipennis,5.81,-75.82
6,Brumptomyia avellari,-14.858692000000001,-44.229808
7,Brumptomyia avellari,-14.863325,-44.231039
8,Brumptomyia avellari,-14.845041,-44.218608
13,Brumptomyia avellari,-14.845329000000001,-44.218575
14,Brumptomyia beaupertuyi,5.8137,-75.7995
15,Brumptomyia beaupertuyi,5.81,-75.8
16,Brumptomyia brumpti,0.7780560000000001,-51.9436
17,Brumptomyia brumpti,-20.1389,-44.8839
18,Psychodopygus wellcomei,-20.1389,-44.8839
19,Brumptomyia brumpti,-22.0431,-45.6992
20,Brumptomyia carvalheiroi,-20.035277999999998,-43.494167
21,Brumptomyia cunhai,-20.419444,-41.386944
22,Brumptomyia cunhai,-19.228889000000002,-40.758611
30,Brumptomyia cunhai,-19.225,-40.8514
34,Brumptomyia cunhai,-19.227999999999998,-40.758
56,Brumptomyia cunhai,-19.9208,-43.9378
57,Brumptomyia galindoi,18.5345,-88.3353
62,Brumptomyia galindoi,10.7637,-85.333
63,Brumptomyia galindoi,19.425278,-96.791389
64,Brumptomyia galindoi,18.567222,-88.25694399999999
116,Brumptomyia galindoi,18.582056,-88.30552800000001
123,Brumptomyia galindoi,18.573860999999997,-88.255611
152,Brumptomyia galindoi,18.575694,-88.269194
195,Brumptomyia galindoi,18.509833,-88.348972
248,Brumptomyia galindoi,18.559389000000003,-88.27533299999999
250,Brumptomyia galindoi,18.506,-88.366556
260,Brumptomyia galindoi,18.486333,-88.353861
274,Brumptomyia galindoi,18.551722,-88.320667
275,Brumptomyia galindoi,18.50475,-88.349722
282,Brumptomyia galindoi,18.558111,-88.28569399999999
283,Brumptomyia galindoi,18.549222,-88.316389
284,Brumptomyia galindoi,18.552639000000003,-88.399333
286,Brumptomyia galindoi,18.576472,-88.39327800000001
287,Brumptomyia galindoi,18.533333,-90.474722
288,Brumptomyia galindoi,20.549722,-89.83
289,Brumptomyia galindoi,19.869722,-89.21722199999999
300,Brumptomyia galindoi,17.977778,-89.353889
322,Brumptomyia galindoi,19.472222,-88.125833
556,Brumptomyia guimaraesi,-32.340553,-58.095276
557,Brumptomyia guimaraesi,6.37,-77.37
558,Brumptomyia guimaraesi,4.99,-75.6
560,Brumptomyia guimaraesi,-18.5789,-46.5181
562,Brumptomyia hamata,18.552639000000003,-88.399333
563,Brumptomyia hamata,18.533333,-90.474722
568,Brumptomyia hamata,17.977778,-89.353889
572,Brumptomyia hamata,19.472222,-88.125833
573,Brumptomyia hamata,19.869722,-89.21722199999999
680,Brumptomyia leopoldoi,-19.0111,-57.87
684,Brumptomyia mesai,18.5345,-88.3353
686,Brumptomyia mesai,19.425278,-96.791389
687,Brumptomyia nitzulescui,-18.972,-41.028999999999996
688,Brumptomyia nitzulescui,-19.225,-40.8514
690,Brumptomyia nitzulescui,-20.3633,-40.6592
692,Brumptomyia nitzulescui,-20.0406,-40.7461
693,Brumptomyia nitzulescui,-19.0561,-41.0167
694,Brumptomyia nitzulescui,-19.980999999999998,-40.669000000000004
695,Brumptomyia nitzulescui,-20.335,-40.667
700,Brumptomyia nitzulescui,-20.325,-40.818000000000005
711,Brumptomyia ortizi,-20.1006,-40.5297
713,Brumptomyia ortizi,-25.095,-50.1619
714,Brumptomyia pentacantha,0.7780560000000001,-51.9436
716,Brumptomyia pintoi,-18.421614,-49.215522
717,Brumptomyia travassosi,4.91,-52.3
718,Brumptomyia troglodytes,-20.004031,-43.951793
720,Dampfomyia (Coromyia) beltrani,18.5345,-88.3353
723,Dampfomyia (Coromyia) deleoni,19.7364,-88.9565
727,Evandromyia (Aldamyia) lenti,-20.1389,-44.8839
728,Evandromyia (Aldamyia) lenti,-19.225,-40.8514
729,Evandromyia (Aldamyia) lenti,-14.84441,-44.222165999999994
730,Evandromyia (Aldamyia) lenti,-14.849817000000002,-44.221783
731,Evandromyia (Aldamyia) lenti,-14.858692000000001,-44.229808
732,Evandromyia (Aldamyia) lenti,-17.5981,-44.7308
739,Evandromyia (Aldamyia) lenti,-21.8425,-43.7931
740,Evandromyia (Aldamyia) lenti,-14.850597,-44.230767
741,Evandromyia (Aldamyia) lenti,-14.845041,-44.218608
743,Evandromyia (Aldamyia) lenti,-14.863325,-44.231039
750,Evandromyia (Aldamyia) lenti,-10.2128,-48.3603
808,Evandromyia (Aldamyia) lenti,-18.3808,-44.4564
812,Evandromyia (Aldamyia) lenti,-17.8867,-44.5775
843,Evandromyia (Aldamyia) lenti,-21.8878,-42.7044
851,Evandromyia (Aldamyia) lenti,-20.0747,-43.4075
852,Evandromyia (Aldamyia) lenti,-20.5231,-41.9044
859,Evandromyia (Aldamyia) lenti,-5.68056,-42.7386
860,Evandromyia (Aldamyia) lenti,-5.455830000000001,-42.3603
875,Evandromyia (Aldamyia) lenti,-5.81694,-42.5131
1018,Evandromyia (Aldamyia) lenti,-9.40722,-36.6275
1037,Evandromyia (Aldamyia) lenti,-3.92806,-41.7092
1041,Evandromyia (Aldamyia) lenti,-9.01528,-42.6994
1046,Evandromyia (Aldamyia) lenti,-10.7633,-48.1089
1048,Evandromyia (Aldamyia) lenti,-10.7081,-48.4172
1057,Evandromyia (Aldamyia) lenti,-18.4192,-49.2153
1076,Evandromyia (Aldamyia) lenti,-18.5922,-48.705
1081,Evandromyia (Aldamyia) lenti,-7.115,-34.8631
1093,Evandromyia (Aldamyia) lenti,-19.7122,-42.7322
1101,Evandromyia (Aldamyia) lenti,-20.2581,-42.0336
1102,Evandromyia (Aldamyia) lenti,-20.2406,-56.3783
1103,Evandromyia (Aldamyia) lenti,-19.3911,-40.0722
1104,Evandromyia (Aldamyia) lenti,-19.6272,-43.8897
1115,Evandromyia (Aldamyia) lenti,-20.3625,-43.1447
1116,Evandromyia (Aldamyia) lenti,-19.5189,-41.0158
1190,Evandromyia (Aldamyia) lenti,-20.2828,-43.0411
1191,Evandromyia (Aldamyia) lenti,-21.7575,-45.5411
1195,Evandromyia (Aldamyia) lenti,-19.6181,-44.0431
1196,Evandromyia (Aldamyia) lenti,-21.235,-45.7586
1197,Evandromyia (Aldamyia) lenti,-6.80306,-35.0806
1198,Evandromyia (Aldamyia) lenti,-6.838610000000001,-35.1261
1199,Evandromyia (Aldamyia) lenti,-17.2222,-46.8747
1200,Evandromyia (Aldamyia) lenti,-15.4881,-44.3617
1204,Evandromyia (Aldamyia) lenti,-14.8053,-46.2531
1206,Evandromyia (Aldamyia) sericea,4.89,-52.29
1207,Evandromyia (Aldamyia) termitophila,-16.0706,-57.6789
1209,Evandromyia (Aldamyia) termitophila,-16.402,-57.498999999999995
1210,Evandromyia (Aldamyia) termitophila,-14.858692000000001,-44.229808
1211,Evandromyia (Aldamyia) termitophila,-18.4192,-49.2153
1213,Evandromyia (Aldamyia) termitophila,-19.6272,-43.8897
1235,Evandromyia (Aldamyia) walkeri,4.04,-52.67
1236,Evandromyia (Barrettomyia) cortelezzii,-20.427222,-45.75
1237,Evandromyia (Barrettomyia) cortelezzii,-20.1389,-44.8839
1244,Evandromyia (Barrettomyia) cortelezzii,-19.9208,-43.9378
1245,Evandromyia (Barrettomyia) cortelezzii,-14.858692000000001,-44.229808
1246,Evandromyia (Barrettomyia) cortelezzii,-14.84441,-44.222165999999994
1247,Evandromyia (Barrettomyia) cortelezzii,-14.849817000000002,-44.221783
1252,Evandromyia (Barrettomyia) cortelezzii,-14.850597,-44.230767
1257,Evandromyia (Barrettomyia) cortelezzii,-19.7697,-43.8514
1259,Evandromyia (Barrettomyia) cortelezzii,-19.7625,-44.3139
1261,Evandromyia (Barrettomyia) cortelezzii,-10.7081,-48.4172
1262,Evandromyia (Barrettomyia) cortelezzii,-15.4881,-44.3617
1270,Evandromyia (Barrettomyia) cortelezzii,-19.3533,-43.1364
1272,Evandromyia (Barrettomyia) cortelezzii,-3.8908300000000002,-38.6856
1279,Evandromyia (Barrettomyia) cortelezzii,-18.4192,-49.2153
1280,Evandromyia (Barrettomyia) cortelezzii,-19.7897,-42.1392
1287,Evandromyia (Barrettomyia) cortelezzii,-18.5922,-48.705
1291,Evandromyia (Barrettomyia) cortelezzii,-19.1719,-41.8653
1294,Evandromyia (Barrettomyia) cortelezzii,-20.2406,-56.3783
1298,Evandromyia (Barrettomyia) cortelezzii,-20.3625,-43.1447
1299,Evandromyia (Barrettomyia) cortelezzii,-15.9169,-46.1056
1300,Evandromyia (Barrettomyia) cortelezzii,-19.88,-43.6697
1301,Evandromyia (Barrettomyia) cortelezzii,-23.6633,-52.605
1302,Evandromyia (Barrettomyia) cortelezzii,-23.9411,-51.5875
1303,Evandromyia (Barrettomyia) cortelezzii,-24.08,-54.2558
1304,Evandromyia (Barrettomyia) cortelezzii,-23.8706,-52.8761
1305,Evandromyia (Barrettomyia) cortelezzii,-24.6503,-50.8506
1307,Evandromyia (Barrettomyia) cortelezzii,-23.5989,-52.0811
1324,Evandromyia (Barrettomyia) cortelezzii,-20.2828,-43.0411
1326,Evandromyia (Barrettomyia) cortelezzii,-19.8203,-40.2733
1335,Evandromyia (Barrettomyia) cortelezzii,-20.2261,-42.6508
1342,Evandromyia (Barrettomyia) cortelezzii,-22.505,-43.1786
1345,Evandromyia (Barrettomyia) cortelezzii,-18.5486,-42.5569
1354,Evandromyia (Barrettomyia) cortelezzii,-19.6181,-44.0431
1378,Evandromyia (Barrettomyia) cortelezzii,-21.4292,-45.9472
1392,Evandromyia (Barrettomyia) cortelezzii,-17.2222,-46.8747
1398,Evandromyia (Barrettomyia) cortelezzii,-15.8006,-46.9267
1400,Evandromyia (Barrettomyia) cortelezzii,-16.3575,-46.9061
1414,Evandromyia (Barrettomyia) cortelezzii,-18.4178,-46.4181
1419,Evandromyia (Barrettomyia) cortelezzii,-18.5789,-46.5181
1423,Evandromyia (Barrettomyia) cortelezzii,-19.6272,-43.8897
1428,Evandromyia (Barrettomyia) cortelezzii,-14.8053,-46.2531
1431,Evandromyia (Barrettomyia) cortelezzii,-20.9464,-44.9189
1436,Evandromyia (Barrettomyia) cortelezzii,-20.6964,-44.8272
1445,Evandromyia (Barrettomyia) cortelezzii,-15.4469,-49.51
1446,Evandromyia (Barrettomyia) cortelezzii,-16.3267,-48.9528
1469,Evandromyia (Barrettomyia) cortelezzii,-19.6197,-41.6369
1475,Evandromyia (Barrettomyia) cortelezzii,-20.0064,-45.9769
1478,Evandromyia (Barrettomyia) cortelezzii,-19.2808,-42.0067
1492,Evandromyia (Barrettomyia) cortelezzii,-20.4725,-45.1256
1493,Evandromyia (Barrettomyia) cortelezzii,-19.5186,-42.6289
1494,Evandromyia (Barrettomyia) cortelezzii,-17.9869,-46.9078
1498,Evandromyia (Barrettomyia) cortelezzii,-19.8433,-45.4108
1536,Evandromyia (Barrettomyia) cortelezzii,-19.1722,-41.4722
1579,Evandromyia (Barrettomyia) cortelezzii,-21.8692,-43.3194
1591,Evandromyia (Barrettomyia) cortelezzii,-18.4628,-41.8039
1681,Evandromyia (Barrettomyia) cortelezzii,-18.0772,-43.2469
1684,Evandromyia (Barrettomyia) cortelezzii,-19.9317,-44.0536
1685,Evandromyia (Barrettomyia) cortelezzii,-21.8878,-42.7044
1688,Evandromyia (Barrettomyia) monstruosa,5.35,-53.24
1689,Evandromyia (Barrettomyia) monstruosa,3.89,-52.57
1692,Evandromyia (Barrettomyia) monstruosa,0.7780560000000001,-51.9436
1697,Evandromyia (Barrettomyia) spelunca,-17.8867,-44.5775
1717,Evandromyia (Barrettomyia) spelunca,-14.849817000000002,-44.221783
1718,Evandromyia (Barrettomyia) spelunca,-14.850597,-44.230767
1719,Evandromyia (Barrettomyia) spelunca,-14.846135,-44.223893
1720,Evandromyia (Evandromyia) brachyphalla,3.87,-51.85
1721,Evandromyia (Evandromyia) brachyphalla,0.7780560000000001,-51.9436
1725,Evandromyia (Evandromyia) brachyphalla,-1.45583,-48.5044
1726,Evandromyia (Evandromyia) infraspinosa,3.87,-51.85
1729,Evandromyia (Evandromyia) infraspinosa,4.33,-52.35
1733,Evandromyia (Evandromyia) infraspinosa,5.3,-53.28
1734,Evandromyia (Evandromyia) infraspinosa,4.94,-52.31
1735,Evandromyia (Evandromyia) infraspinosa,4.89,-52.31
1737,Evandromyia (Evandromyia) infraspinosa,0.7780560000000001,-51.9436
1751,Evandromyia (Evandromyia) infraspinosa,-7.448889,-65.9125
1752,Evandromyia (Evandromyia) infraspinosa,-3.74194,-47.4947
1753,Evandromyia (Evandromyia) infraspinosa,-0.366667,-51.0664
1755,Evandromyia (Evandromyia) infraspinosa,-10.7828,-65.3394
1759,Evandromyia (Evandromyia) saulensis,-6.8925,-66.201111
1760,Evandromyia edwardsi,-20.427222,-45.75
1772,Evandromyia edwardsi,-20.035277999999998,-43.494167
1773,Evandromyia edwardsi,-20.419444,-41.386944
1778,Evandromyia edwardsi,-19.225,-40.8514
1779,Evandromyia edwardsi,-19.228889000000002,-40.758611
1781,Evandromyia edwardsi,-19.9356,-40.6003
1786,Evandromyia edwardsi,-19.227999999999998,-40.758
1799,Evandromyia edwardsi,-20.0406,-40.7461
1801,Evandromyia edwardsi,-20.3706,-45.6614
1816,Evandromyia edwardsi,-20.2639,-40.42
1817,Evandromyia edwardsi,-22.8833,-43.1036
1818,Evandromyia edwardsi,-24.58,-48.59
1819,Evandromyia edwardsi,-20.7928,-43.9303
1820,Evandromyia edwardsi,-19.7897,-42.1392
1825,Evandromyia edwardsi,-19.7122,-42.7322
1826,Evandromyia edwardsi,-19.0372,-43.425
1829,Evandromyia edwardsi,-20.3903,-40.4961
1830,Evandromyia edwardsi,-22.505,-43.1786
1832,Evandromyia edwardsi,-20.0875,-43.7894
1833,Evandromyia edwardsi,-20.3683,-41.2439
1837,Evandromyia edwardsi,-23.9411,-51.5875
1838,Evandromyia edwardsi,-19.9208,-43.9378
1839,Evandromyia edwardsi,-18.9672,-43.2558
1841,Evandromyia edwardsi,-20.3625,-43.1447
1846,Evandromyia edwardsi,-20.2828,-43.0411
1848,Evandromyia edwardsi,-23.76,-45.41
1860,Evandromyia edwardsi,-20.9756,-43.1892
1861,Evandromyia edwardsi,-26.3044,-48.8456
1863,Evandromyia edwardsi,-22.4039,-43.6625
1868,Evandromyia edwardsi,-21.8808,-45.0853
1872,Evandromyia edwardsi,-26.9078,-48.6619
1888,Evandromyia edwardsi,-25.095,-50.1619
1906,Evandromyia edwardsi,-22.2456,-43.7003
1910,Evandromyia edwardsi,-22.9597,-44.0406
1920,Evandromyia edwardsi,-19.2808,-42.0067
1921,Evandromyia edwardsi,-22.7856,-43.3117
1927,Lutzomyia (Castromyia) amarali,-19.7897,-42.1392
1928,Lutzomyia (Castromyia) amarali,-20.3625,-43.1447
1929,Lutzomyia (Castromyia) amarali,-19.0372,-43.425
1931,Lutzomyia (Castromyia) amarali,-20.2828,-43.0411
1936,Lutzomyia (Castromyia) amarali,-18.9672,-43.2558
1939,Lutzomyia (Castromyia) amarali,-20.3778,-43.4161
1940,Lutzomyia (Castromyia) amarali,-18.5486,-42.5569
1944,Lutzomyia (Castromyia) amarali,-20.4078,-44.0244
1946,Lutzomyia (Castromyia) amarali,-19.8864,-43.8067
1947,Lutzomyia (Castromyia) caligata,-10.7828,-65.3394
1948,Lutzomyia (Helcocyrtomyia) hartmanni,5.3333,-74.9333
1951,Lutzomyia (Helcocyrtomyia) hartmanni,5.33,-74.93
1956,Lutzomyia (Helcocyrtomyia) noguchii,-11.8447,-76.3861
1957,Lutzomyia (Helcocyrtomyia) scorzai,5.5844,-75.7682
1966,Lutzomyia (Helcocyrtomyia) scorzai,5.58,-75.77
1975,Lutzomyia (Helcocyrtomyia) tolimensis,5.184632,-75.127002
1981,Lutzomyia (Lutzomyia) alencari,-19.225,-40.8514
1984,Lutzomyia (Lutzomyia) alencari,-20.6714,-41.0069
1986,Lutzomyia (Lutzomyia) alencari,-16.5594,-42.8897
2028,Lutzomyia (Lutzomyia) alencari,-19.1719,-41.8653
2046,Lutzomyia (Lutzomyia) alencari,-18.9672,-43.2558
2061,Lutzomyia (Lutzomyia) alencari,-19.5189,-41.0158
2068,Lutzomyia (Lutzomyia) alencari,-20.2828,-43.0411
2069,Lutzomyia (Lutzomyia) alencari,-20.3625,-43.1447
2074,Lutzomyia (Lutzomyia) alencari,-18.3733,-40.8306
2080,Lutzomyia (Lutzomyia) alencari,-15.0561,-48.1614
2086,Lutzomyia (Lutzomyia) alencari,-16.4339,-41.0033
2099,Lutzomyia (Lutzomyia) bifoliata,5.3333,-74.9333
2102,Lutzomyia (Lutzomyia) bifoliata,5.33,-74.93
2105,Lutzomyia (Lutzomyia) cavernicola,-17.8867,-44.5775
2605,Lutzomyia (Lutzomyia) cruzi,-16.0706,-57.6789
2611,Lutzomyia (Lutzomyia) cruzi,-16.402,-57.498999999999995
2617,Lutzomyia (Lutzomyia) cruzi,-18.9835,-57.8019
2619,Lutzomyia (Lutzomyia) cruzi,-19.05,-57.6479
2630,Lutzomyia (Lutzomyia) cruzi,-19.0092,-57.6533
2898,Lutzomyia (Lutzomyia) cruzi,-20.3833,-40.495
2899,Lutzomyia (Lutzomyia) cruzi,-16.9478,-50.4486
2910,Lutzomyia (Lutzomyia) cruzi,-19.5314,-54.0439
2953,Lutzomyia (Lutzomyia) cruzi,-21.1211,-56.4819
2969,Lutzomyia (Lutzomyia) cruzi,-16.95804,-50.435167
2973,Lutzomyia (Lutzomyia) cruzi,-19.0064,-57.8129
2979,Lutzomyia (Lutzomyia) dispar,-16.0706,-57.6789
2981,Lutzomyia (Lutzomyia) dispar,-10.2128,-48.3603
3007,Lutzomyia (Lutzomyia) dispar,-5.68056,-42.7386
3009,Lutzomyia (Lutzomyia) dispar,-17.8867,-44.5775
3038,Lutzomyia (Lutzomyia) dispar,-9.01528,-42.6994
3040,Lutzomyia (Lutzomyia) dispar,-3.92806,-41.7092
3087,Lutzomyia (Lutzomyia) dispar,-16.9478,-50.4486
3090,Lutzomyia (Lutzomyia) dispar,-7.07694,-41.4669
3106,Lutzomyia (Lutzomyia) forattinii,-19.0112,-57.8702
3107,Lutzomyia (Lutzomyia) forattinii,-19.0092,-57.6533
3167,Lutzomyia (Lutzomyia) gaminarai,-20.3833,-40.495
3169,Lutzomyia (Lutzomyia) gaminarai,-25.095,-50.1619
3197,Lutzomyia (Lutzomyia) ischnacantha,-14.844767000000001,-44.217397
3198,Lutzomyia (Lutzomyia) ischnacantha,-14.84441,-44.222165999999994
3201,Lutzomyia (Lutzomyia) ischnacantha,-14.849817000000002,-44.221783
3202,Lutzomyia (Lutzomyia) ischnacantha,-14.845041,-44.218608
3204,Lutzomyia (Lutzomyia) ischyracantha,-18.2494,-43.6003
3211,Lutzomyia (Lutzomyia) lichyi,4.5689,-75.8508
3212,Lutzomyia (Lutzomyia) lichyi,4.57,-75.85
3213,Lutzomyia (Lutzomyia) longipalpis,9.5,-75.35
3215,Lutzomyia (Lutzomyia) longipalpis,4.311197,-74.652171
3216,Lutzomyia (Lutzomyia) longipalpis,4.112317,-74.569978
3217,Lutzomyia (Lutzomyia) longipalpis,19.5855,-88.5843
3220,Lutzomyia (Lutzomyia) longipalpis,19.7364,-88.9565
3238,Lutzomyia (Lutzomyia) longipalpis,-20.427222,-45.75
3240,Lutzomyia (Lutzomyia) longipalpis,13.294,-87.656
3244,Lutzomyia (Lutzomyia) longipalpis,-19.9208,-43.9378
3246,Lutzomyia (Lutzomyia) longipalpis,16.556110999999998,-92.805555
3258,Lutzomyia (Lutzomyia) longipalpis,-16.0706,-57.6789
3264,Lutzomyia (Lutzomyia) longipalpis,-16.402,-57.498999999999995
3271,Lutzomyia (Lutzomyia) longipalpis,-20.1389,-44.8839
3562,Lutzomyia (Lutzomyia) longipalpis,-19.225,-40.8514
3565,Lutzomyia (Lutzomyia) longipalpis,-19.228889000000002,-40.758611
3575,Lutzomyia (Lutzomyia) longipalpis,-14.847022,-44.220713
3579,Lutzomyia (Lutzomyia) longipalpis,-14.851066000000001,-44.233156
3580,Lutzomyia (Lutzomyia) longipalpis,-14.84441,-44.222165999999994
3581,Lutzomyia (Lutzomyia) longipalpis,-14.863325,-44.231039
3600,Lutzomyia (Lutzomyia) longipalpis,-17.5981,-44.7308
3601,Lutzomyia (Lutzomyia) longipalpis,-14.845654999999999,-44.216133
3702,Lutzomyia (Lutzomyia) renei,-19.6272,-43.8897
3712,Lutzomyia (Lutzomyia) renei,-14.851066000000001,-44.233156
3713,Lutzomyia (Lutzomyia) renei,-21.8425,-43.7931
3715,Lutzomyia (Lutzomyia) renei,-14.846669,-44.219266999999995
3716,Lutzomyia (Lutzomyia) renei,-20.3706,-45.6614
3717,Lutzomyia (Lutzomyia) renei,-17.8867,-44.5775
3903,Lutzomyia (Lutzomyia) renei,-14.849817000000002,-44.221783
3904,Lutzomyia (Lutzomyia) renei,-14.858692000000001,-44.229808
3905,Lutzomyia (Lutzomyia) renei,-14.863325,-44.231039
3906,Lutzomyia (Lutzomyia) renei,-14.850597,-44.230767
3907,Lutzomyia (Lutzomyia) renei,-14.84441,-44.222165999999994
3909,Lutzomyia (Lutzomyia) renei,-14.845041,-44.218608
3910,Lutzomyia (Lutzomyia) renei,-14.845870999999999,-44.216694
3912,Lutzomyia (Lutzomyia) renei,-22.8833,-43.1036
4038,Lutzomyia (Lutzomyia) renei,-18.2494,-43.6003
4044,Lutzomyia (Lutzomyia) renei,-15.3383,-43.6744
4048,Lutzomyia (Lutzomyia) renei,-27.3711,-53.7583
4049,Lutzomyia (Lutzomyia) renei,-15.4881,-44.3617
4202,Lutzomyia (Lutzomyia) souzalopesi,-19.8203,-40.2733
4207,Lutzomyia (Tricholateralis) carvalhoi,-1.45583,-48.5044
4208,Lutzomyia (Tricholateralis) carvalhoi,-0.366667,-51.0664
4269,Lutzomyia (Tricholateralis) carvalhoi,-3.6055599999999997,-55.3317
4270,Lutzomyia (Tricholateralis) cruciata,18.5345,-88.3353
4271,Lutzomyia (Tricholateralis) cruciata,19.3786,-88.1892
4272,Lutzomyia (Tricholateralis) cruciata,13.294,-87.656
4274,Lutzomyia (Tricholateralis) cruciata,16.335,-95.476389
4275,Lutzomyia (Tricholateralis) cruciata,16.303611,-95.534722
4278,Lutzomyia (Tricholateralis) cruciata,18.445,-95.060278
4279,Lutzomyia (Tricholateralis) cruciata,19.574722,-96.57777800000001
4280,Lutzomyia (Tricholateralis) cruciata,18.567222,-88.25694399999999
4433,Lutzomyia (Tricholateralis) cruciata,18.582056,-88.30552800000001
4769,Lutzomyia (Tricholateralis) cultellata,-6.8925,-66.201111
4770,Lutzomyia (Tricholateralis) cultellata,-3.35417,-64.7114
4771,Lutzomyia (Tricholateralis) diabolica,18.235278,-97.127222
4772,Lutzomyia (Tricholateralis) diabolica,27.878611,-101.44694399999999
4819,Lutzomyia (Tricholateralis) diabolica,25.716110999999998,-99.625
4825,Lutzomyia (Tricholateralis) diabolica,18.24,-99.661111
4828,Lutzomyia (Tricholateralis) diabolica,19.043056,-101.162222
4829,Lutzomyia (Tricholateralis) diabolica,18.626389,-100.89694399999999
4831,Lutzomyia (Tricholateralis) evangelistai,-7.258610000000001,-64.7981
4832,Lutzomyia (Tricholateralis) evangelistai,-6.9575,-66.3075
4833,Lutzomyia (Tricholateralis) evangelistai,-1.45583,-48.5044
4840,Lutzomyia (Tricholateralis) flabellata,-10.8853,-61.9517
4844,Lutzomyia (Tricholateralis) flabellata,-9.97472,-67.81
4845,Lutzomyia (Tricholateralis) gomezi,8.326222,-74.59425
4847,Lutzomyia (Tricholateralis) gomezi,4.986045,-72.603545
4848,Lutzomyia (Tricholateralis) gomezi,8.825083,-75.51825
4849,Lutzomyia (Tricholateralis) gomezi,13.294,-87.656
4854,Lutzomyia (Tricholateralis) gomezi,5.3808,-75.7908
4855,Lutzomyia (Tricholateralis) gomezi,4.7014,-75.7908
4857,Lutzomyia (Tricholateralis) gomezi,5.38,-75.79
4858,Lutzomyia (Tricholateralis) gomezi,4.7,-75.79
4860,Lutzomyia (Tricholateralis) gomezi,6.3717,-77.3695
4863,Lutzomyia (Tricholateralis) gomezi,6.37,-77.37
4866,Lutzomyia (Tricholateralis) gomezi,5.3333,-74.9333
4868,Lutzomyia (Tricholateralis) gomezi,5.33,-74.93
4870,Lutzomyia (Tricholateralis) gomezi,9.164,-79.863
4871,Lutzomyia (Tricholateralis) gomezi,9.161,-79.861
4872,Lutzomyia (Tricholateralis) gomezi,5.656721,-74.182491
4876,Lutzomyia (Tricholateralis) gomezi,-14.74,-57.0539
5134,Lutzomyia (Tricholateralis) gomezi,-10.8853,-61.9517
5204,Lutzomyia (Tricholateralis) gomezi,-1.45583,-48.5044
5209,Lutzomyia (Tricholateralis) gomezi,-0.366667,-51.0664
5235,Lutzomyia (Tricholateralis) gomezi,-8.76194,-63.9039
5266,Lutzomyia (Tricholateralis) sherlocki,-6.8925,-66.201111
5267,Lutzomyia (Tricholateralis) sherlocki,-15.0081,-59.9506
5269,Lutzomyia (Tricholateralis) spathotrichia,1.81611,-61.1281
5270,Migonemyia (Migonemyia) migonei,-20.427222,-45.75
5272,Migonemyia (Migonemyia) migonei,-20.419444,-41.386944
5274,Migonemyia (Migonemyia) migonei,-26.3028,-58.815
5275,Migonemyia (Migonemyia) migonei,-19.8019,-40.8556
5279,Migonemyia (Migonemyia) migonei,-19.737000000000002,-40.968999999999994
5283,Migonemyia (Migonemyia) migonei,-19.228889000000002,-40.758611
5285,Migonemyia (Migonemyia) migonei,-19.225,-40.8514
5307,Migonemyia (Migonemyia) migonei,-19.227999999999998,-40.758
5330,Migonemyia (Migonemyia) migonei,-20.0406,-40.7461
5331,Migonemyia (Migonemyia) migonei,-17.8867,-44.5775
5333,Migonemyia (Migonemyia) migonei,-14.851066000000001,-44.233156
5334,Migonemyia (Migonemyia) migonei,-20.3706,-45.6614
5433,Migonemyia (Migonemyia) migonei,-14.863325,-44.231039
5434,Migonemyia (Migonemyia) migonei,-14.846135,-44.223893
5435,Migonemyia (Migonemyia) migonei,-14.845041,-44.218608
5436,Migonemyia (Migonemyia) migonei,-14.849817000000002,-44.221783
5438,Migonemyia (Migonemyia) migonei,-14.846669,-44.219266999999995
5439,Migonemyia (Migonemyia) migonei,-21.8878,-42.7044
5440,Migonemyia (Migonemyia) migonei,-18.2494,-43.6003
5445,Migonemyia (Migonemyia) migonei,-20.5231,-41.9044
5446,Migonemyia (Migonemyia) migonei,-20.4333,-41.8683
5450,Migonemyia (Migonemyia) migonei,-20.1006,-40.5297
5484,Migonemyia (Migonemyia) migonei,-20.6964,-44.8272
5493,Migonemyia (Migonemyia) migonei,-18.8625,-41.1228
5495,Migonemyia (Migonemyia) migonei,-20.3633,-40.6592
5504,Migonemyia (Migonemyia) migonei,-9.40722,-36.6275
5712,Migonemyia (Migonemyia) vaniae,-24.58,-48.59
5715,Pintomyia (Pifanomyia) monticola,-20.035277999999998,-43.494167
5716,Pintomyia (Pifanomyia) monticola,-20.419444,-41.386944
5718,Pintomyia (Pifanomyia) monticola,-19.988,-40.547
5719,Pintomyia (Pifanomyia) monticola,-19.908,-40.657
5721,Pintomyia (Pifanomyia) monticola,-18.852,-41.066
5723,Pintomyia (Pifanomyia) monticola,-18.976,-40.042
5731,Pintomyia (Pifanomyia) monticola,-19.9356,-40.6003
5741,Pintomyia (Pifanomyia) monticola,-19.858,-40.533
5744,Pintomyia (Pifanomyia) monticola,-19.0561,-41.0167
5749,Pintomyia (Pifanomyia) monticola,-20.3633,-40.6592
5753,Pintomyia (Pifanomyia) monticola,-19.4128,-40.5417
5770,Pintomyia (Pifanomyia) monticola,-19.317999999999998,-40.516999999999996
5771,Pintomyia (Pifanomyia) monticola,-20.4,-40.753
5772,Pintomyia (Pifanomyia) monticola,-18.976,-41.012
5794,Pintomyia (Pifanomyia) monticola,-19.7575,-40.3856
5796,Pintomyia (Pifanomyia) monticola,-20.350278,-40.724167
5797,Pintomyia (Pifanomyia) monticola,-20.635,-40.7497
5800,Pintomyia (Pifanomyia) monticola,-20.4333,-41.8683
5801,Pintomyia (Pifanomyia) pacae,4.04,-52.67
5802,Pintomyia (Pifanomyia) pacae,0.7780560000000001,-51.9436
5803,Pintomyia (Pifanomyia) serrana,-14.863325,-44.231039
5804,Pintomyia (Pintomyia) damascenoi,0.7780560000000001,-51.9436
5806,Pintomyia (Pintomyia) damascenoi,-18.4192,-49.2153
5809,Pintomyia (Pintomyia) damascenoi,-20.4428,-54.6464
5810,Pintomyia (Pintomyia) damascenoi,-19.3911,-40.0722
5811,Pintomyia (Pintomyia) damascenoi,-1.45583,-48.5044
5824,Pintomyia (Pintomyia) damascenoi,-0.366667,-51.0664
5933,Pintomyia (Pintomyia) damascenoi,-1.82833,-44.8683
5981,Pintomyia (Pintomyia) damascenoi,-1.36556,-48.3722
6003,Pintomyia (Pintomyia) damascenoi,-1.29389,-47.9264
6004,Pintomyia (Pintomyia) damascenoi,-1.77111,-47.4381
6023,Pintomyia (Pintomyia) fischeri,-20.419444,-41.386944
6024,Pintomyia (Pintomyia) fischeri,-18.852,-41.066
6025,Pintomyia (Pintomyia) fischeri,-19.9356,-40.6003
6028,Pintomyia (Pintomyia) fischeri,-19.858,-40.533
6029,Pintomyia (Pintomyia) fischeri,-19.908,-40.657
6031,Pintomyia (Pintomyia) fischeri,-19.4128,-40.5417
6032,Pintomyia (Pintomyia) fischeri,-20.1006,-40.5297
6036,Pintomyia (Pintomyia) fischeri,-20.3633,-40.6592
6037,Pintomyia (Pintomyia) fischeri,-19.0561,-41.0167
6040,Pintomyia (Pintomyia) fischeri,-19.8019,-40.8556
6053,Pintomyia (Pintomyia) fischeri,-20.4,-40.753
6054,Pintomyia (Pintomyia) fischeri,-20.058,-40.498000000000005
6055,Pintomyia (Pintomyia) fischeri,-18.972,-41.028999999999996
6057,Pintomyia (Pintomyia) fischeri,-19.317999999999998,-40.516999999999996
6063,Pintomyia (Pintomyia) fischeri,-19.737000000000002,-40.968999999999994
6065,Pintomyia (Pintomyia) fischeri,-20.137999999999998,-40.516
6073,Pintomyia (Pintomyia) fischeri,-19.228889000000002,-40.758611
6080,Pintomyia (Pintomyia) fischeri,-19.227999999999998,-40.758
6085,Pintomyia (Pintomyia) fischeri,-19.7575,-40.3856
6086,Pintomyia (Pintomyia) fischeri,-19.225,-40.8514
6096,Pintomyia (Pintomyia) fischeri,-20.1389,-44.8839
6098,Pintomyia (Pintomyia) fischeri,-20.2639,-40.42
6099,Pintomyia (Pintomyia) fischeri,-20.3397,-41.1347
6100,Pintomyia (Pintomyia) fischeri,-24.58,-48.59
6104,Pintomyia (Pintomyia) fischeri,-20.4333,-41.8683
6105,Pintomyia (Pintomyia) fischeri,-20.5231,-41.9044
6183,Pintomyia (Pintomyia) fischeri,-20.7928,-43.9303
6192,Pintomyia (Pintomyia) fischeri,-20.0875,-43.7894
6197,Pintomyia (Pintomyia) fischeri,-23.54,-46.63
6198,Pintomyia (Pintomyia) fischeri,-29.2233,-49.81
6220,Pintomyia (Pintomyia) fischeri,-27.3711,-53.7583
6471,Pintomyia (Pintomyia) fischeri,-19.7897,-42.1392
6473,Pintomyia (Pintomyia) fischeri,-20.3903,-40.4961
6513,Pintomyia (Pintomyia) fischeri,-3.8908300000000002,-38.6856
6522,Pressatia choti,4.31,-52.39
6523,Pressatia choti,4.37,-52.32
6525,Pressatia choti,4.94,-52.31
6526,Pressatia choti,4.89,-52.31
6528,Pressatia choti,4.89,-52.29
6535,Pressatia choti,4.986045,-72.603545
6536,Pressatia choti,-19.228889000000002,-40.758611
6554,Pressatia choti,-19.227999999999998,-40.758
6571,Pressatia choti,-19.3911,-40.0722
6573,Pressatia choti,-21.4825,-44.3303
6582,Pressatia choti,-18.7161,-39.8589
6583,Pressatia choti,-0.366667,-51.0664
6596,Pressatia choti,-1.82833,-44.8683
6602,Pressatia choti,-19.5394,-40.6306
6608,Pressatia choti,-12.9711,-38.5108
6610,Pressatia equatorialis,-19.3911,-40.0722
6611,Pressatia equatorialis,-19.5394,-40.6306
6613,Pressatia equatorialis,-19.1719,-41.8653
6614,Pressatia equatorialis,-20.2639,-40.42
6615,Pressatia trispinosa,-1.45583,-48.5044
6617,Sciopemyia fluviatilis,0.7780560000000001,-51.9436
6618,Trichopygomyia depaquiti,0.7780560000000001,-51.9436
6621,Trichopygomyia longispina,-20.035277999999998,-43.494167
6628,Trichopygomyia longispina,-1.45583,-48.5044
6651,Trichopygomyia trichopyga,0.7780560000000001,-51.9436
6653,Trichopygomyia triramula,6.35,-77.37
6654,Trichopygomyia triramula,5.33,-74.93
6660,Bichromomyia flaviscutellata,3.87,-51.85
6662,Bichromomyia flaviscutellata,4.33,-52.35
6664,Bichromomyia flaviscutellata,4.89,-52.29
6665,Bichromomyia flaviscutellata,4.91,-52.3
6666,Bichromomyia flaviscutellata,4.89,-52.31
6667,Bichromomyia flaviscutellata,3.89,-52.57
6670,Bichromomyia flaviscutellata,-1.73717,-51.4546
6671,Bichromomyia flaviscutellata,0.7780560000000001,-51.9436
6673,Bichromomyia flaviscutellata,-7.258610000000001,-64.7981
6674,Bichromomyia flaviscutellata,-6.8925,-66.201111
6676,Bichromomyia flaviscutellata,-6.9575,-66.3075
6678,Bichromomyia flaviscutellata,-19.858,-40.533
6681,Bichromomyia flaviscutellata,-19.9356,-40.6003
6682,Bichromomyia flaviscutellata,4.088,-52.681000000000004
6683,Bichromomyia flaviscutellata,-20.2639,-40.42
6685,Bichromomyia flaviscutellata,-17.8867,-44.5775
6686,Bichromomyia flaviscutellata,-12.5453,-55.7114
6687,Bichromomyia flaviscutellata,-3.74194,-47.4947
6702,Bichromomyia flaviscutellata,-1.74639,-47.0594
6703,Bichromomyia flaviscutellata,-2.9958299999999998,-47.3528
6706,Bichromomyia flaviscutellata,-5.12056,-60.3797
6710,Bichromomyia flaviscutellata,-0.366667,-51.0664
6712,Bichromomyia flaviscutellata,-10.7081,-48.4172
6713,Bichromomyia flaviscutellata,-14.74,-57.0539
6716,Bichromomyia flaviscutellata,-10.8853,-61.9517
6717,Bichromomyia flaviscutellata,-3.1019400000000004,-60.025
6718,Bichromomyia flaviscutellata,-10.7828,-65.3394
6721,Bichromomyia flaviscutellata,-13.2681,-39.6628
6728,Bichromomyia flaviscutellata,-3.35417,-64.7114
6729,Bichromomyia flaviscutellata,-20.3903,-40.4961
6731,Bichromomyia flaviscutellata,2.8197200000000002,-60.6733
6732,Bichromomyia flaviscutellata,-1.82833,-44.8683
6733,Bichromomyia flaviscutellata,-2.53222,-44.1075
6737,Bichromomyia flaviscutellata,-22.505,-43.1786
6738,Bichromomyia flaviscutellata,-17.2222,-46.8747
6744,Bichromomyia flaviscutellata,-15.7797,-47.9297
6759,Bichromomyia flaviscutellata,-22.7592,-43.4511
6769,Bichromomyia flaviscutellata,-15.0725,-57.1811
6772,Bichromomyia flaviscutellata,1.81611,-61.1281
6786,Bichromomyia flaviscutellata,-1.45583,-48.5044
6791,Bichromomyia flaviscutellata,-10.7633,-48.1089
6794,Bichromomyia inornata,-10.7828,-65.3394
6795,Nyssomyia anduzei,-0.366667,-51.0664
6796,Nyssomyia anduzei,-3.1019400000000004,-60.025
6829,Nyssomyia anduzei,-10.7828,-65.3394
6830,Nyssomyia anduzei,-1.29389,-47.9264
6832,Nyssomyia anduzei,-19.3911,-40.0722
6971,Nyssomyia anduzei,1.81611,-61.1281
7092,Nyssomyia anduzei,-1.77111,-47.4381
7106,Nyssomyia antunesi,5.016667,-72.76
7107,Nyssomyia antunesi,4.986045,-72.603545
7108,Nyssomyia antunesi,-6.9575,-66.3075
7110,Nyssomyia antunesi,-6.965555999999999,-66.31666700000001
7111,Nyssomyia antunesi,-6.8925,-66.201111
7118,Nyssomyia antunesi,-7.258610000000001,-64.7981
7120,Nyssomyia antunesi,-18.9181,-54.8442
7134,Nyssomyia antunesi,-3.74194,-47.4947
7154,Nyssomyia antunesi,-4.285,-47.505
7265,Nyssomyia antunesi,-2.9958299999999998,-47.3528
7269,Nyssomyia antunesi,-1.74639,-47.0594
7271,Nyssomyia antunesi,-10.7081,-48.4172
7272,Nyssomyia antunesi,-10.7633,-48.1089
7288,Nyssomyia antunesi,-14.74,-57.0539
7510,Nyssomyia antunesi,-10.8178,-55.4508
7511,Nyssomyia antunesi,-9.87556,-56.0861
7523,Nyssomyia antunesi,-11.8642,-55.5025
7604,Nyssomyia intermedia,-20.419444,-41.386944
7605,Nyssomyia intermedia,-20.1006,-40.5297
7606,Nyssomyia intermedia,-20.058,-40.498000000000005
7633,Nyssomyia intermedia,-20.137999999999998,-40.516
7648,Nyssomyia intermedia,-19.228889000000002,-40.758611
7653,Nyssomyia intermedia,-19.225,-40.8514
7674,Nyssomyia intermedia,-19.227999999999998,-40.758
7699,Nyssomyia intermedia,-19.9208,-43.9378
7700,Nyssomyia intermedia,-20.1389,-44.8839
7703,Nyssomyia intermedia,-21.8878,-42.7044
7707,Nyssomyia intermedia,-14.847022,-44.220713
7708,Nyssomyia intermedia,-14.849817000000002,-44.221783
7710,Nyssomyia intermedia,-17.5981,-44.7308
7738,Nyssomyia intermedia,-20.3706,-45.6614
7739,Nyssomyia intermedia,-19.7897,-42.1392
7851,Nyssomyia intermedia,-17.8867,-44.5775
8104,Nyssomyia neivai,-25.22,-49.3478
8108,Nyssomyia neivai,-19.228889000000002,-40.758611
8109,Nyssomyia neivai,-17.8136,-50.5969
8112,Nyssomyia neivai,-17.5981,-44.7308
8114,Nyssomyia neivai,-20.1389,-44.8839
8118,Nyssomyia neivai,-17.8867,-44.5775
8145,Nyssomyia neivai,-18.3808,-44.4564
8599,Nyssomyia sylvicola,4.89,-52.29
8600,Nyssomyia umbratilis,0.7780560000000001,-51.9436
8607,Nyssomyia umbratilis,-11.8642,-55.5025
8609,Nyssomyia umbratilis,-9.87556,-56.0861
8739,Nyssomyia umbratilis,-11.3783,-58.7411
8759,Nyssomyia umbratilis,-14.4547,-56.8028
8764,Nyssomyia umbratilis,-3.1019400000000004,-60.025
9054,Nyssomyia umbratilis,-1.7655599999999998,-55.8661
9100,Nyssomyia whitmani,-20.427222,-45.75
9103,Nyssomyia whitmani,-16.0706,-57.6789
9111,Nyssomyia whitmani,-16.402,-57.498999999999995
9119,Nyssomyia whitmani,-19.9208,-43.9378
9140,Nyssomyia whitmani,-20.1389,-44.8839
9152,Nyssomyia whitmani,-20.350278,-40.724167
9159,Nyssomyia whitmani,-14.852602,-44.230794
9160,Nyssomyia whitmani,-17.5981,-44.7308
9165,Nyssomyia whitmani,-20.3706,-45.6614
9166,Nyssomyia whitmani,-19.7897,-42.1392
9168,Nyssomyia whitmani,-17.8867,-44.5775
9328,Nyssomyia whitmani,-10.2128,-48.3603
9330,Nyssomyia whitmani,-19.7697,-43.8514
9370,Nyssomyia whitmani,-19.7625,-44.3139
9371,Nyssomyia whitmani,-21.8878,-42.7044
9372,Nyssomyia whitmani,-3.74194,-47.4947
9393,Nyssomyia whitmani,-4.285,-47.505
9410,Nyssomyia whitmani,-20.0747,-43.4075
9413,Nyssomyia whitmani,-18.4275,-42.8683
9414,Nyssomyia whitmani,-20.5231,-41.9044
9427,Nyssomyia whitmani,-20.4333,-41.8683
9468,Nyssomyia whitmani,-5.79889,-42.6689
9473,Nyssomyia whitmani,-5.455830000000001,-42.3603
9499,Nyssomyia whitmani,-10.7081,-48.4172
9588,Nyssomyia yuilli,8.326222,-74.59425
9590,Nyssomyia yuilli,-6.8925,-66.201111
9594,Nyssomyia yuilli,-6.965555999999999,-66.31666700000001
9608,Nyssomyia yuilli,-13.6869,-39.4794
9609,Nyssomyia yuilli,5.3333,-74.9333
9612,Nyssomyia yuilli,5.33,-74.93
9625,Nyssomyia yuilli,-9.87556,-56.0861
9630,Nyssomyia yuilli,-14.4547,-56.8028
9632,Nyssomyia yuilli,-10.7828,-65.3394
10070,Psathyromyia (Forattiniella) aragaoi,4.31,-52.39
10071,Psathyromyia (Forattiniella) aragaoi,4.89,-52.29
10073,Psathyromyia (Forattiniella) aragaoi,4.89,-52.31
10076,Psathyromyia (Forattiniella) aragaoi,3.89,-52.57
10077,Psathyromyia (Forattiniella) aragaoi,0.7780560000000001,-51.9436
10079,Psathyromyia (Forattiniella) aragaoi,-6.8925,-66.201111
10080,Psathyromyia (Forattiniella) aragaoi,-20.1389,-44.8839
10082,Psathyromyia (Forattiniella) aragaoi,5.33,-74.93
10083,Psathyromyia (Forattiniella) aragaoi,6.37,-77.37
10086,Psathyromyia (Forattiniella) aragaoi,-18.9181,-54.8442
10327,Psathyromyia (Forattiniella) aragaoi,-12.9906,-55.2547
10329,Psathyromyia (Forattiniella) aragaoi,-0.366667,-51.0664
10330,Psathyromyia (Forattiniella) aragaoi,-14.74,-57.0539
10331,Psathyromyia (Forattiniella) aragaoi,-15.4606,-55.7497
10339,Psathyromyia (Forattiniella) aragaoi,-9.87556,-56.0861
10351,Psathyromyia (Forattiniella) aragaoi,-10.8853,-61.9517
10352,Psathyromyia (Forattiniella) aragaoi,-9.91333,-63.0408
10353,Psathyromyia (Forattiniella) aragaoi,-10.7828,-65.3394
10356,Psathyromyia (Forattiniella) aragaoi,-18.4192,-49.2153
10399,Psathyromyia (Forattiniella) aragaoi,-19.6181,-44.0431
10405,Psathyromyia (Forattiniella) aragaoi,-18.9672,-43.2558
10414,Psathyromyia (Forattiniella) aragaoi,-22.0431,-45.6992
10416,Psathyromyia (Forattiniella) aragaoi,-19.6272,-43.8897
10417,Psathyromyia (Forattiniella) aragaoi,-19.9208,-43.9378
10419,Psathyromyia (Forattiniella) aragaoi,-7.6311100000000005,-72.67
10420,Psathyromyia (Forattiniella) aragaoi,-1.82833,-44.8683
10429,Psathyromyia (Forattiniella) aragaoi,-20.4725,-45.1256
10443,Psathyromyia (Forattiniella) aragaoi,-19.8864,-43.8067
10446,Psathyromyia (Forattiniella) aragaoi,-19.5314,-54.0439
10447,Psathyromyia (Forattiniella) aragaoi,-1.45583,-48.5044
10449,Psathyromyia (Forattiniella) aragaoi,-18.5789,-46.5181
10450,Psathyromyia (Forattiniella) aragaoi,-17.2222,-46.8747
10460,Psathyromyia (Forattiniella) aragaoi,-10.7633,-48.1089
10466,Psathyromyia (Forattiniella) aragaoi,-10.7081,-48.4172
10468,Psathyromyia (Forattiniella) aragaoi,-7.258610000000001,-64.7981
10469,Psathyromyia (Forattiniella) brasiliensis,-18.9181,-54.8442
10477,Psathyromyia (Forattiniella) brasiliensis,-20.1389,-44.8839
10486,Psathyromyia (Forattiniella) brasiliensis,-10.2128,-48.3603
10487,Psathyromyia (Forattiniella) brasiliensis,-9.40722,-36.6275
10495,Psathyromyia (Forattiniella) brasiliensis,-18.4192,-49.2153
10499,Psathyromyia (Forattiniella) brasiliensis,-19.7897,-42.1392
10568,Psathyromyia (Forattiniella) brasiliensis,-18.5922,-48.705
10582,Psathyromyia (Forattiniella) brasiliensis,-1.82833,-44.8683
10595,Psathyromyia (Forattiniella) brasiliensis,-14.8053,-46.2531
10596,Psathyromyia (Forattiniella) brasiliensis,-19.9208,-43.9378
10597,Psathyromyia (Forattiniella) brasiliensis,-21.8808,-45.0853
10599,Psathyromyia (Forattiniella) brasiliensis,-19.6272,-43.8897
10601,Psathyromyia (Forattiniella) brasiliensis,-17.7425,-46.1725
10603,Psathyromyia (Forattiniella) brasiliensis,-19.8864,-43.8067
10604,Psathyromyia (Forattiniella) brasiliensis,-18.3808,-44.4564
10605,Psathyromyia (Forattiniella) campograndensis,-18.9181,-54.8442
10610,Psathyromyia (Forattiniella) campograndensis,-9.95778,-36.7917
10612,Psathyromyia (Forattiniella) campograndensis,-15.4606,-55.7497
10619,Psathyromyia (Forattiniella) carpenteri,5.33,-74.93
10621,Psathyromyia (Forattiniella) inflata,0.7780560000000001,-51.9436
10625,Psathyromyia (Forattiniella) lutziana,4.89,-52.29
10626,Psathyromyia (Forattiniella) lutziana,-19.228889000000002,-40.758611
10628,Psathyromyia (Forattiniella) lutziana,-19.227999999999998,-40.758
10630,Psathyromyia (Forattiniella) lutziana,-20.1389,-44.8839
10632,Psathyromyia (Forattiniella) lutziana,-19.7575,-40.3856
10634,Psathyromyia (Forattiniella) lutziana,-19.9208,-43.9378
10635,Psathyromyia (Psathyromyia) abonnenci,-10.2231,-54.9797
10636,Psathyromyia (Psathyromyia) abonnenci,-10.1761,-48.8667
10637,Psathyromyia (Psathyromyia) abonnenci,-9.87556,-56.0861
10650,Psathyromyia (Psathyromyia) abonnenci,-3.8908300000000002,-38.6856
10655,Psathyromyia (Psathyromyia) abonnenci,-1.7655599999999998,-55.8661
10656,Psathyromyia (Psathyromyia) abonnenci,-10.8853,-61.9517
10661,Psathyromyia (Psathyromyia) abonnenci,-9.91333,-63.0408
10662,Psathyromyia (Psathyromyia) abonnenci,-10.7828,-65.3394
10678,Psathyromyia (Psathyromyia) abonnenci,-18.4192,-49.2153
10684,Psathyromyia (Psathyromyia) abonnenci,-21.4825,-44.3303
10686,Psathyromyia (Psathyromyia) abonnenci,-0.366667,-51.0664
10689,Psathyromyia (Psathyromyia) abonnenci,-1.45583,-48.5044
10690,Psathyromyia (Psathyromyia) abonnenci,-15.0081,-59.9506
10692,Psathyromyia (Psathyromyia) abonnenci,-1.66333,-45.3717
10711,Psathyromyia (Psathyromyia) abonnenci,-1.82833,-44.8683
10713,Psathyromyia (Psathyromyia) abonnenci,1.81611,-61.1281
10714,Psathyromyia (Psathyromyia) abonnenci,2.8197200000000002,-60.6733
10719,Psathyromyia (Psathyromyia) abonnenci,-3.6861099999999998,-40.3497
10723,Psathyromyia (Psathyromyia) campbelli,-9.87556,-56.0861
10728,Psathyromyia (Psathyromyia) campbelli,-18.4192,-49.2153
10730,Psathyromyia (Psathyromyia) campbelli,-0.366667,-51.0664
10731,Psathyromyia (Psathyromyia) campbelli,-14.8361,-56.4275
10732,Psathyromyia (Psathyromyia) campbelli,1.81611,-61.1281
10733,Psathyromyia (Psathyromyia) campbelli,2.8197200000000002,-60.6733
10736,Psathyromyia (Psathyromyia) cratifer,-20.3633,-40.6592
10737,Psathyromyia (Psathyromyia) dendrophyla,0.7780560000000001,-51.9436
10739,Psathyromyia (Psathyromyia) dendrophyla,-7.258610000000001,-64.7981
10740,Psathyromyia (Psathyromyia) dendrophyla,-9.7875,-54.91
10741,Psathyromyia (Psathyromyia) dendrophyla,-14.74,-57.0539
10749,Psathyromyia (Psathyromyia) dendrophyla,-9.87556,-56.0861
10901,Psathyromyia (Psathyromyia) dendrophyla,-10.8178,-55.4508
10902,Psathyromyia (Psathyromyia) dendrophyla,-9.950280000000001,-55.1983
10952,Psathyromyia (Psathyromyia) dendrophyla,-11.3783,-58.7411
11032,Psathyromyia (Psathyromyia) dendrophyla,-3.1019400000000004,-60.025
11040,Psathyromyia (Psathyromyia) dendrophyla,-1.7655599999999998,-55.8661
11076,Psathyromyia (Psathyromyia) dendrophyla,-10.8853,-61.9517
11237,Psathyromyia (Psathyromyia) shannoni,18.5345,-88.3353
11247,Psathyromyia (Psathyromyia) shannoni,38.64,-77.2
11249,Psathyromyia (Psathyromyia) shannoni,33.8,-80.55
11256,Psathyromyia (Psathyromyia) shannoni,39.03,-76.8
11264,Psathyromyia (Psathyromyia) shannoni,33.8,-80.54
11271,Psathyromyia (Psathyromyia) shannoni,38.6405,-77.1972
11272,Psathyromyia (Psathyromyia) shannoni,38.6437,-77.197
11273,Psathyromyia (Psathyromyia) shannoni,38.64,-77.2019
11274,Psathyromyia (Psathyromyia) shannoni,39.0283,-76.8008
11276,Psathyromyia (Psathyromyia) shannoni,33.803000000000004,-80.5356
11278,Psathyromyia (Psathyromyia) shannoni,33.8024,-80.5457
11280,Psathyromyia (Psathyromyia) shannoni,39.0275,-76.8009
11282,Psathyromyia (Psathyromyia) shannoni,32.04,-95.03
11284,Psathyromyia (Psathyromyia) shannoni,32.03,-95.0
11292,Psathyromyia (Psathyromyia) shannoni,-20.058,-40.498000000000005
11293,Psathyromyia (Psathyromyia) shannoni,-20.1006,-40.5297
11294,Psathyromyia (Psathyromyia) shannoni,-20.0406,-40.7461
11295,Psathyromyia (Psathyromyia) shannoni,-19.8019,-40.8556
11296,Psathyromyia (Psathyromyia) shannoni,-20.3633,-40.6592
11298,Psathyromyia (Psathyromyia) shannoni,-19.317999999999998,-40.516999999999996
11299,Psathyromyia (Psathyromyia) shannoni,-19.737000000000002,-40.968999999999994
11308,Psathyromyia (Psathyromyia) shannoni,-20.4,-40.753
11309,Psathyromyia (Psathyromyia) shannoni,-19.980999999999998,-40.669000000000004
11313,Psathyromyia (Psathyromyia) shannoni,-16.402,-57.498999999999995
11315,Psathyromyia (Psathyromyia) shannoni,-20.635,-40.7497
11321,Psathyromyia (Psathyromyia) shannoni,4.57,-75.85
11322,Psathyromyia (Psathyromyia) shannoni,19.67,-88.25
11323,Psathyromyia (Psathyromyia) shannoni,3.75,-76.5
11325,Psathyromyia (Psathyromyia) shannoni,30.57,-91.17
11329,Psathyromyia (Psathyromyia) shannoni,39.28,-76.91
11331,Psathyromyia (Psathyromyia) shannoni,31.39,-85.97
11332,Psathyromyia (Psathyromyia) shannoni,29.44,-83.15
11333,Psathyromyia (Psathyromyia) shannoni,36.67,-87.77
11345,Psathyromyia (Psathyromyia) shannoni,35.16,-79.26
11349,Psathyromyia (Psathyromyia) shannoni,6.31,-73.95
11352,Psathyromyia (Psathyromyia) shannoni,6.19,-67.49
11356,Psathyromyia (Psathyromyia) shannoni,6.189030000000001,-67.486
11360,Psathyromyia (Psathyromyia) shannoni,7.61,-72.6
11361,Psathyromyia (Psathyromyia) shannoni,5.98,-74.59
11362,Psathyromyia (Psathyromyia) shannoni,9.72,-75.12
11363,Psathyromyia (Xiphopsathyromyia) dreisbachi,5.33,-53.21
11364,Psathyromyia (Xiphopsathyromyia) dreisbachi,0.7780560000000001,-51.9436
11365,Psathyromyia (Xiphopsathyromyia) dreisbachi,-3.1019400000000004,-60.025
11366,Psathyromyia (Xiphopsathyromyia) dreisbachi,-7.6311100000000005,-72.67
11369,Psathyromyia (Xiphopsathyromyia) dreisbachi,-10.7828,-65.3394
11370,Psychodopygus amazonensis,4.04,-52.67
11372,Psychodopygus amazonensis,4.89,-52.29
11373,Psychodopygus amazonensis,4.91,-52.3
11375,Psychodopygus amazonensis,-14.74,-57.0539
11376,Psychodopygus amazonensis,-2.44306,-54.7083
11377,Psychodopygus amazonensis,-3.1019400000000004,-60.025
11379,Psychodopygus amazonensis,1.81611,-61.1281
11381,Psychodopygus amazonensis,0.713333,-51.4133
11382,Psychodopygus ayrozai,3.88,-51.81
11383,Psychodopygus ayrozai,4.33,-52.35
11384,Psychodopygus ayrozai,4.04,-52.67
11385,Psychodopygus ayrozai,4.89,-52.31
11386,Psychodopygus ayrozai,4.89,-52.29
11387,Psychodopygus ayrozai,-6.9575,-66.3075
11390,Psychodopygus ayrozai,-6.8925,-66.201111
11392,Psychodopygus ayrozai,-7.258610000000001,-64.7981
11394,Psychodopygus ayrozai,-20.3633,-40.6592
11401,Psychodopygus ayrozai,-20.335,-40.667
11403,Psychodopygus ayrozai,-20.4,-40.753
11409,Psychodopygus ayrozai,-13.6869,-39.4794
11410,Psychodopygus ayrozai,-20.2639,-40.42
11412,Psychodopygus ayrozai,-12.5453,-55.7114
11414,Psychodopygus ayrozai,-5.12056,-60.3797
11418,Psychodopygus ayrozai,-22.505,-43.1786
11420,Psychodopygus ayrozai,-22.6528,-43.0406
11421,Psychodopygus ayrozai,-20.6964,-44.8272
11424,Psychodopygus ayrozai,-21.6969,-45.2533
11518,Psychodopygus ayrozai,-18.8228,-42.7039
11519,Psychodopygus ayrozai,-19.8864,-43.8067
11528,Psychodopygus bispinosus,-9.87556,-56.0861
11532,Psychodopygus bispinosus,-3.1019400000000004,-60.025
11533,Psychodopygus carrerai,-9.87556,-56.0861
11542,Psychodopygus carrerai,-9.91333,-63.0408
11546,Psychodopygus carrerai,-10.7828,-65.3394
11550,Psychodopygus carrerai,-6.22222,-57.7528
11551,Psychodopygus carrerai,-7.6311100000000005,-72.67
11552,Psychodopygus carrerai,-9.065560000000001,-68.6569
11561,Psychodopygus carrerai,-1.45583,-48.5044
11562,Psychodopygus claustrei,3.87,-51.85
11563,Psychodopygus claustrei,3.88,-51.81
11565,Psychodopygus claustrei,5.3,-53.28
11566,Psychodopygus claustrei,-6.8925,-66.201111
11570,Psychodopygus claustrei,-6.9575,-66.3075
11571,Psychodopygus claustrei,-5.62833,-63.1833
11574,Psychodopygus claustrei,0.7780560000000001,-51.9436
11575,Psychodopygus claustrei,-7.258610000000001,-64.7981
11576,Psychodopygus claustrei,-12.5453,-55.7114
11578,Psychodopygus claustrei,-3.1019400000000004,-60.025
11584,Psychodopygus complexus,-9.24,-57.0
11585,Psychodopygus complexus,-8.68,-48.42
11587,Psychodopygus complexus,-12.5453,-55.7114
11588,Psychodopygus complexus,-12.9906,-55.2547
11589,Psychodopygus complexus,-8.47028,-35.5411
11592,Psychodopygus corossoniensis,0.7780560000000001,-51.9436
11593,Psychodopygus corossoniensis,-3.1019400000000004,-60.025
11594,Psychodopygus davisi,0.7780560000000001,-51.9436
11597,Psychodopygus davisi,-6.8925,-66.201111
11598,Psychodopygus davisi,-6.9575,-66.3075
11606,Psychodopygus davisi,-20.1006,-40.5297
11613,Psychodopygus davisi,-20.137999999999998,-40.516
11620,Psychodopygus davisi,-7.258610000000001,-64.7981
11624,Psychodopygus davisi,-2.9958299999999998,-47.3528
11634,Psychodopygus davisi,-19.7122,-42.7322
11637,Psychodopygus davisi,-0.366667,-51.0664
11638,Psychodopygus davisi,-14.74,-57.0539
11640,Psychodopygus davisi,-9.87556,-56.0861
11680,Psychodopygus davisi,-15.4606,-55.7497
11759,Psychodopygus davisi,-11.3783,-58.7411
11786,Psychodopygus davisi,-1.7655599999999998,-55.8661
11791,Psychodopygus davisi,-10.8853,-61.9517
11793,Psychodopygus davisi,-10.7828,-65.3394
11799,Psychodopygus davisi,-9.91333,-63.0408
11812,Psychodopygus davisi,-13.6869,-39.4794
11897,Psychodopygus davisi,-18.4192,-49.2153
11904,Psychodopygus davisi,-7.6311100000000005,-72.67
11905,Psychodopygus davisi,-19.0372,-43.425
11908,Psychodopygus davisi,-3.35417,-64.7114
11913,Psychodopygus davisi,-18.9672,-43.2558
11932,Psychodopygus davisi,-19.3911,-40.0722
11945,Psychodopygus davisi,-19.1969,-40.0978
11957,Psychodopygus davisi,2.8197200000000002,-60.6733
11967,Psychodopygus davisi,-22.4039,-43.6625
11974,Psychodopygus davisi,-19.5394,-40.6306
11982,Psychodopygus davisi,-19.8203,-40.2733
12003,Psychodopygus davisi,-22.6528,-43.0406
12031,Psychodopygus davisi,1.81611,-61.1281
12037,Psychodopygus davisi,-21.7706,-42.5389
12038,Psychodopygus davisi,-1.36556,-48.3722
12039,Psychodopygus davisi,-17.2222,-46.8747
12041,Psychodopygus dorlinsis,-11.8642,-55.5025
12043,Psychodopygus geniculatus,-6.9575,-66.3075
12047,Psychodopygus geniculatus,0.7780560000000001,-51.9436
12049,Psychodopygus geniculatus,-20.2639,-40.42
12051,Psychodopygus geniculatus,-3.1019400000000004,-60.025
12055,Psychodopygus guyanensis,-6.8925,-66.201111
12056,Psychodopygus guyanensis,-0.366667,-51.0664
12063,Psychodopygus hirsutus,3.87,-51.85
12065,Psychodopygus hirsutus,3.88,-51.81
12067,Psychodopygus hirsutus,5.35,-53.24
12068,Psychodopygus hirsutus,4.89,-52.29
12078,Psychodopygus hirsutus,4.91,-52.3
12084,Psychodopygus hirsutus,3.89,-52.57
12085,Psychodopygus hirsutus,0.7780560000000001,-51.9436
12088,Psychodopygus hirsutus,-6.9575,-66.3075
12089,Psychodopygus hirsutus,-6.8925,-66.201111
12090,Psychodopygus hirsutus,-20.058,-40.498000000000005
12093,Psychodopygus hirsutus,-20.1006,-40.5297
12094,Psychodopygus hirsutus,-20.3633,-40.6592
12112,Psychodopygus hirsutus,-20.4,-40.753
12124,Psychodopygus hirsutus,-20.335,-40.667
12127,Psychodopygus hirsutus,-19.225,-40.8514
12128,Psychodopygus hirsutus,-19.228889000000002,-40.758611
12130,Psychodopygus hirsutus,-19.227999999999998,-40.758
12132,Psychodopygus hirsutus,-19.7575,-40.3856
12138,Psychodopygus hirsutus,-19.7122,-42.7322
12140,Psychodopygus hirsutus,-9.87556,-56.0861
12144,Psychodopygus hirsutus,-10.8178,-55.4508
12150,Psychodopygus hirsutus,-3.1019400000000004,-60.025
12152,Psychodopygus hirsutus,-18.4192,-49.2153
12154,Psychodopygus hirsutus,-22.7856,-43.3117
12157,Psychodopygus hirsutus,-9.065560000000001,-68.6569
12158,Psychodopygus hirsutus,-18.9672,-43.2558
12159,Psychodopygus hirsutus,-22.7592,-43.4511
12211,Psychodopygus hirsutus,-19.5394,-40.6306
12212,Psychodopygus hirsutus,-22.505,-43.1786
12249,Psychodopygus lainsoni,-6.8925,-66.201111
12250,Psychodopygus llanosmartinsi,-7.448889,-65.9125
12251,Psychodopygus panamensis,4.94,-52.31
12253,Psychodopygus panamensis,4.89,-52.29
12254,Psychodopygus panamensis,4.89,-52.31
12255,Psychodopygus panamensis,4.91,-52.3
12269,Psychodopygus panamensis,4.112317,-74.569978
12270,Psychodopygus panamensis,4.986045,-72.603545
12271,Psychodopygus panamensis,8.825083,-75.51825
12272,Psychodopygus panamensis,5.33,-74.93
12277,Psychodopygus paraensis,-5.62833,-63.1833
12279,Psychodopygus paraensis,-7.258610000000001,-64.7981
12281,Psychodopygus paraensis,0.7780560000000001,-51.9436
12283,Psychodopygus paraensis,-2.9958299999999998,-47.3528
12293,Psychodopygus squamiventris maripaensis,3.87,-51.85
12294,Psychodopygus squamiventris maripaensis,4.31,-52.39
12301,Psychodopygus squamiventris maripaensis,3.88,-51.81
12302,Psychodopygus squamiventris maripaensis,5.35,-53.24
12304,Psychodopygus squamiventris maripaensis,4.04,-52.67
12305,Psychodopygus squamiventris maripaensis,5.3,-53.28
12315,Psychodopygus squamiventris maripaensis,5.33,-53.21
12339,Psychodopygus squamiventris maripaensis,3.89,-52.57
12340,Psychodopygus squamiventris maripaensis,0.94,-51.98
12351,Psychodopygus thula,4.99,-75.6
12356,Psychodopygus thula,9.207,-80.0
12357,Psychodopygus thula,9.161,-79.861
12359,Psychodopygus wellcomei,-5.368609999999999,-49.1178
12360,Trichophoromyia flochi,-7.258610000000001,-64.7981
12363,Trichophoromyia flochi,-10.7828,-65.3394
12414,Trichophoromyia flochi,-19.225,-40.8514
12432,Trichophoromyia ininii,3.88,-51.81
12433,Trichophoromyia ininii,4.37,-52.32
12435,Trichophoromyia ininii,3.87,-51.85
12438,Trichophoromyia ininii,4.33,-52.35
12441,Trichophoromyia ininii,4.31,-52.39
12507,Trichophoromyia ininii,4.04,-52.67
12508,Trichophoromyia ininii,5.3,-53.28
12517,Trichophoromyia ininii,5.33,-53.21
12530,Trichophoromyia ininii,3.89,-52.57
12540,Trichophoromyia ininii,0.7780560000000001,-51.9436
12541,Trichophoromyia ininii,4.0889999999999995,-52.677
12592,Trichophoromyia ruifreitasi,-10.941389,-69.56694399999999
12599,Trichophoromyia ubiquitalis,4.37,-52.32
12602,Trichophoromyia ubiquitalis,4.33,-52.35
12638,Trichophoromyia ubiquitalis,5.3,-53.28
12639,Trichophoromyia ubiquitalis,5.35,-53.24
12647,Trichophoromyia ubiquitalis,5.33,-53.21
12648,Trichophoromyia ubiquitalis,4.04,-52.67
12693,Trichophoromyia ubiquitalis,3.89,-52.57
12701,Trichophoromyia ubiquitalis,-6.9575,-66.3075
12702,Trichophoromyia ubiquitalis,-6.8925,-66.201111
12720,Viannamyia fariasi,-3.1019400000000004,-60.025
12721,Viannamyia furcata,-3.74194,-47.4947
12722,Viannamyia furcata,-2.9958299999999998,-47.3528
12724,Viannamyia furcata,-0.366667,-51.0664
12725,Viannamyia furcata,-14.74,-57.0539
12728,Viannamyia furcata,-9.87556,-56.0861
12744,Viannamyia furcata,-11.8642,-55.5025
12780,Viannamyia furcata,-1.7655599999999998,-55.8661
12782,Viannamyia furcata,-10.7828,-65.3394
12783,Viannamyia furcata,-8.16417,-70.3536
12786,Viannamyia furcata,-10.8853,-61.9517
12790,Viannamyia furcata,-9.91333,-63.0408
12812,Viannamyia furcata,-3.1019400000000004,-60.025
12828,Viannamyia furcata,-8.053889999999999,-34.8811
12831,Viannamyia furcata,-1.45583,-48.5044
12847,Viannamyia furcata,-7.6311100000000005,-72.67
12852,Viannamyia furcata,-9.97472,-67.81
12863,Viannamyia furcata,-7.560560000000001,-35.0025
12866,Viannamyia furcata,-4.13,-44.1242
12876,Viannamyia furcata,-15.89,-52.2567
12886,Viannamyia furcata,1.81611,-61.1281
12930,Viannamyia furcata,-1.77111,-47.4381
12939,Viannamyia furcata,-1.36556,-48.3722
12963,Viannamyia tuberculata,4.33,-52.35
12965,Viannamyia tuberculata,-6.965555999999999,-66.31666700000001
12966,Viannamyia tuberculata,-6.9575,-66.3075
12967,Viannamyia tuberculata,-6.8925,-66.201111
12968,Micropygomyia (Micropygomyia) chassigneti,3.87,-51.85
12969,Micropygomyia (Micropygomyia) micropyga,-11.8642,-55.5025
12970,Micropygomyia (Micropygomyia) micropyga,-22.505,-43.1786
12971,Micropygomyia (Micropygomyia) micropyga,-19.3911,-40.0722
12972,Micropygomyia (Sauromyia) peresi,-16.0706,-57.6789
12973,Micropygomyia (Sauromyia) peresi,-14.845149,-44.215169
12974,Micropygomyia (Sauromyia) peresi,-10.7081,-48.4172
12979,Micropygomyia (Sauromyia) peresi,-15.4881,-44.3617
12981,Micropygomyia (Sauromyia) pusilla,-0.366667,-51.0664
12983,Micropygomyia (Sauromyia) rorotaensis,5.33,-53.21
12984,Micropygomyia (Sauromyia) rorotaensis,4.89,-52.29
12985,Micropygomyia (Sauromyia) rorotaensis,3.89,-52.57
12987,Micropygomyia (Sauromyia) trinidadensis,4.89,-52.29
12988,Micropygomyia (Sauromyia) trinidadensis,4.94,-52.31
12993,Micropygomyia (Sauromyia) trinidadensis,4.311197,-74.652171
12994,Micropygomyia (Sauromyia) trinidadensis,4.112317,-74.569978
12995,Micropygomyia (Sauromyia) trinidadensis,8.825083,-75.51825
12996,Warileya rotundipennis,3.794028,-75.571139
12997,Lutzomyia suapiensis,3.840694,-75.574722
12998,Warileya rotundipennis,4.584312000000001,-75.494332
12999,Psychodopygus davisi,-18.91064227,-48.23702273
13000,Pintomyia (Pintomyia) mamedei,-18.91064227,-48.23702273
13001,Bichromomyia flaviscutellata,-18.91064227,-48.23702273
13002,Evandromyia (Aldamyia) lenti,-18.91064227,-48.23702273
13003,Brumptomyia avellari,-18.91064227,-48.23702273
13004,Nyssomyia whitmani,-18.91064227,-48.23702273
13005,Brumptomyia avellari,-16.518056,-57.55
13006,Micropygomyia (Micropygomyia) mangabeirana,-16.518056,-57.55
13007,Evandromyia (Aldamyia) aldafalcaoae,-16.518056,-57.55
13008,Evandromyia (Barrettomyia) corumbaensis,-16.518056,-57.55
13009,Evandromyia (Aldamyia) evandroi,-16.518056,-57.55
13010,Evandromyia (Aldamyia) lenti,-16.518056,-57.55
13011,Evandromyia (Barrettomyia) teratodes,-16.518056,-57.55
13012,Evandromyia (Aldamyia) termitophila,-16.518056,-57.55
13013,Expapillata cerradincola,-16.518056,-57.55
13014,Lutzomyia (Lutzomyia) cruzi,-16.518056,-57.55
13015,Lutzomyia (Lutzomyia) longipalpis,-16.518056,-57.55
13016,Martinsmyia oliveirai,-16.518056,-57.55
13017,Micropygomyia (Silvamyia) echinatopharynx,-16.518056,-57.55
13018,Micropygomyia (Micropygomyia) micropyga,-16.518056,-57.55
13019,Micropygomyia (Sauromyia) peresi,-16.518056,-57.55
13020,Micropygomyia (Sauromyia) quinquefer,-16.518056,-57.55
13021,Nyssomyia whitmani,-16.518056,-57.55
13022,Pintomyia (Pifanomyia) nevesi,-16.518056,-57.55
13023,Psathyromyia (Forattiniella) aragaoi,-16.518056,-57.55
13024,Psathyromyia (Forattiniella) brasiliensis,-16.518056,-57.55
13025,Psathyromyia (Forattiniella) campograndensis,-16.518056,-57.55
13026,Psathyromyia (Xiphopsathyromyia) hermanlenti,-16.518056,-57.55
13027,Psathyromyia (Psathyromyia) shannoni,-16.518056,-57.55
13028,Psychodopygus hirsutus,-16.518056,-57.55
13029,Sciopemyia servulolimai,-16.518056,-57.55
13030,Sciopemyia sordellii,-16.518056,-57.55
13031,Trichophoromyia auraensis,-10.037083,-67.785278
13032,Nyssomyia whitmani,-10.037083,-67.785278
13033,Nyssomyia antunesi,-10.037083,-67.785278
13034,Pressatia choti,-10.037083,-67.785278
13035,Evandromyia (Evandromyia) saulensis,-10.037083,-67.785278
13036,Evandromyia (Aldamyia) walkeri,-10.037083,-67.785278
13037,Evandromyia (Evandromyia) begonae,-10.037083,-67.785278
13038,Migonemyia (Migonemyia) migonei,-10.037083,-67.785278
13039,Pintomyia (Pifanomyia) serrana,-10.037083,-67.785278
13040,Psychodopygus paraensis,-10.037083,-67.785278
13041,Sciopemyia sordellii,-10.037083,-67.785278
13042,Micropygomyia (Sauromyia) pusilla,-10.037083,-67.785278
13043,Pintomyia (Pifanomyia) nevesi,-10.037083,-67.785278
13044,Brumptomyia avellari,-10.037083,-67.785278
13045,Micropygomyia (Silvamyia) acanthopharynx,-10.037083,-67.785278
13046,Pintomyia (Pifanomyia) odax,-10.037083,-67.785278
13047,Lutzomyia (Tricholateralis) sherlocki,-10.037083,-67.785278
13048,Pressatia calcarata,-10.037083,-67.785278
13049,Bichromomyia flaviscutellata,-10.037083,-67.785278
13050,Evandromyia (Evandromyia) bourrouli,-10.037083,-67.785278
13051,Evandromyia (Aldamyia) bacula,-10.037083,-67.785278
13052,Trichophoromyia auraensis,-9.558019999999999,-67.51763000000001
13053,Nyssomyia antunesi,-2.635,-44.148056
13054,Brumptomyia avellari,-2.635,-44.148056
13055,Evandromyia (Evandromyia) infraspinosa,-2.635,-44.148056
13056,Bichromomyia flaviscutellata,-2.635,-44.148056
13057,Psychodopygus claustrei,-2.635,-44.148056
13058,Psychodopygus wellcomei,-2.635,-44.148056
13059,Sciopemyia sordellii,-2.635,-44.148056
13060,Psychodopygus paraensis,-2.635,-44.148056
13061,Nyssomyia richardwardi,-2.635,-44.148056
13062,Micropygomyia (Sauromyia) trinidadensis,-2.635,-44.148056
13063,Evandromyia (Barrettomyia) monstruosa,-2.635,-44.148056
13064,Trichophoromyia ubiquitalis,-2.635,-44.148056
13065,Evandromyia (Aldamyia) evandroi,-2.635,-44.148056
13066,Sciopemyia fluviatilis,-2.635,-44.148056
13067,Evandromyia (Evandromyia) pinottii,-2.635,-44.148056
13068,Psathyromyia (Forattiniella) brasiliensis,-2.635,-44.148056
13069,Lutzomyia (Lutzomyia) longipalpis,-2.635,-44.148056
13070,Sciopemyia servulolimai,-2.635,-44.148056
13071,Viannamyia furcata,-2.635,-44.148056
13072,Bichromomyia flaviscutellata,-22.108889,-56.521111
13073,Brumptomyia avellari,-22.108889,-56.521111
13074,Brumptomyia brumpti,-22.108889,-56.521111
13075,Evandromyia (Evandromyia) bourrouli,-22.108889,-56.521111
13076,Evandromyia (Aldamyia) lenti,-22.108889,-56.521111
13077,Lutzomyia (Lutzomyia) longipalpis,-22.108889,-56.521111
13078,Psathyromyia (Forattiniella) campograndensis,-22.108889,-56.521111
13079,Psathyromyia (Psathyromyia) punctigeniculata,-22.108889,-56.521111
13080,Psathyromyia (Psathyromyia) shannoni,-22.108889,-56.521111
13081,Sciopemyia sordellii,-22.108889,-56.521111
13082,Evandromyia (Aldamyia) aldafalcaoae,-22.108889,-56.521111
13083,Evandromyia (Barrettomyia) cortelezzii,-22.108889,-56.521111
13084,Evandromyia (Aldamyia) evandroi,-22.108889,-56.521111
13085,Evandromyia (Barrettomyia) teratodes,-22.108889,-56.521111
13086,Evandromyia (Aldamyia) termitophila,-22.108889,-56.521111
13087,Nyssomyia whitmani,-22.108889,-56.521111
13088,Pintomyia (Pintomyia) christenseni,-22.108889,-56.521111
13089,Psathyromyia (Forattiniella) aragaoi,-22.108889,-56.521111
13090,Expapillata cerradincola,-20.46989408,-54.62373346
13091,Brumptomyia avellari,-20.46989408,-54.62373346
13092,Psathyromyia (Xiphopsathyromyia) hermanlenti,-20.46989408,-54.62373346
13093,Psychodopygus claustrei,-20.46989408,-54.62373346
13094,Lutzomyia (Lutzomyia) longipalpis,-20.46989408,-54.62373346
13095,Psathyromyia (Forattiniella) aragaoi,-20.46989408,-54.62373346
13096,Micropygomyia (Sauromyia) quinquefer,-20.46989408,-54.62373346
13097,Pintomyia (Pintomyia) christenseni,-20.46989408,-54.62373346
13098,Nyssomyia antunesi,-20.46989408,-54.62373346
13099,Psathyromyia (Psathyromyia) shannoni,-20.46989408,-54.62373346
13100,Nyssomyia whitmani,-20.46989408,-54.62373346
13101,Psathyromyia (Forattiniella) campograndensis,-20.46989408,-54.62373346
13102,Evandromyia (Aldamyia) lenti,-20.46989408,-54.62373346
13103,Evandromyia (Barrettomyia) cortelezzii,-20.46989408,-54.62373346
13104,Sciopemyia sordellii,-20.46989408,-54.62373346
13105,Pintomyia (Pintomyia) damascenoi,-20.46989408,-54.62373346
13106,Evandromyia (Evandromyia) bourrouli,-20.46989408,-54.62373346
13107,Evandromyia (Aldamyia) termitophila,-20.46989408,-54.62373346
13108,Bichromomyia flaviscutellata,-20.46989408,-54.62373346
13109,Brumptomyia pintoi,-20.46989408,-54.62373346
13110,Lutzomyia (Lutzomyia) cruzi,-20.46989408,-54.62373346
13111,Micropygomyia (Sauromyia) longipennis,-20.46989408,-54.62373346
13112,Migonemyia (Migonemyia) migonei,-20.46989408,-54.62373346
13113,Evandromyia (Barrettomyia) corumbaensis,-20.46989408,-54.62373346
13114,Evandromyia (Barrettomyia) teratodes,-20.46989408,-54.62373346
13115,Psathyromyia (Psathyromyia) punctigeniculata,-20.46989408,-54.62373346
13116,Nyssomyia neivai,-27.47020227,-58.83195764
13117,Migonemyia (Migonemyia) migonei,-27.47020227,-58.83195764
13118,Pintomyia (Pintomyia) pessoai,-27.47020227,-58.83195764
13119,Brumptomyia avellari,-27.47020227,-58.83195764
13120,Psathyromyia (Psathyromyia) shannoni,-28.033333000000002,-56.0
13121,Nyssomyia neivai,-28.033333000000002,-56.0
13122,Evandromyia (Barrettomyia) cortelezzii,-28.033333000000002,-56.0
13123,Pintomyia (Pintomyia) fischeri,-34.21163206,-57.89165784
13124,Psathyromyia (Psathyromyia) lanei,-34.21163206,-57.89165784
13125,Psathyromyia (Forattiniella) lutziana,-34.21163206,-57.89165784
13126,Pintomyia (Pifanomyia) monticola,-34.21163206,-57.89165784
13127,Pintomyia (Pintomyia) pessoai,-34.21163206,-57.89165784
13128,Brumptomyia guimaraesi,-25.99703928,-55.53933607
13129,Brumptomyia guimaraesi,-26.8207882,-55.90802198
13130,Trichopygomyia longispina,-25.43387614,-54.87234441
13131,Psathyromyia (Psathyromyia) scaffi,-0.617278,-52.51169399999999
13132,Trichophoromyia castanheirai,-0.617278,-52.51169399999999
13133,Trichophoromyia eurypyga,-0.617278,-52.51169399999999
13134,Trichophoromyia castanheirai,-0.63075,-52.530221999999995
13135,Trichophoromyia castanheirai,-0.5641390000000001,-52.580139
13136,Trichophoromyia castanheirai,-0.38574,-52.30279
13137,Trichophoromyia eurypyga,-0.5641390000000001,-52.580139
13138,Trichophoromyia eurypyga,-0.38574,-52.30279
13139,Psathyromyia (Psathyromyia) scaffi,-0.5641390000000001,-52.580139
13140,Micropygomyia (Sauromyia) capixaba,-8.363778,-36.813083
13141,Evandromyia (Aldamyia) evandroi,-8.363778,-36.813083
13142,Micropygomyia (Sauromyia) villelai,-8.363778,-36.813083
13143,Nyssomyia intermedia,-8.363778,-36.813083
13144,Evandromyia (Aldamyia) lenti,-8.363778,-36.813083
13145,Lutzomyia (Lutzomyia) longipalpis,-8.363778,-36.813083
13146,Migonemyia (Migonemyia) migonei,-8.363778,-36.813083
13147,Evandromyia (Aldamyia) evandroi,-8.33675,-36.72725
13148,Evandromyia (Aldamyia) lenti,-8.33675,-36.72725
13149,Migonemyia (Migonemyia) migonei,-8.33675,-36.72725
13150,Micropygomyia (Sauromyia) capixaba,-8.318361,-36.710361
13151,Evandromyia (Aldamyia) evandroi,-8.318361,-36.710361
13152,Micropygomyia (Sauromyia) villelai,-8.318361,-36.710361
13153,Nyssomyia intermedia,-8.318361,-36.710361
13154,Evandromyia (Aldamyia) lenti,-8.318361,-36.710361
13155,Migonemyia (Migonemyia) migonei,-8.318361,-36.710361
13156,Micropygomyia (Sauromyia) trinidadensis,-8.318361,-36.710361
13157,Evandromyia (Aldamyia) walkeri,-6.068269,-35.182972
13158,Evandromyia (Aldamyia) evandroi,-6.068269,-35.182972
13159,Psychodopygus wellcomei,-6.068269,-35.182972
13160,Lutzomyia (Lutzomyia) cavernicola,-14.895167,-44.758860999999996
13161,Lutzomyia (Lutzomyia) ischnacantha,-14.895167,-44.758860999999996
13162,Lutzomyia (Lutzomyia) renei,-14.895167,-44.758860999999996
13163,Martinsmyia minasensis,-14.895167,-44.758860999999996
13164,Micropygomyia (Sauromyia) capixaba,-14.895167,-44.758860999999996
13165,Micropygomyia (Micropygomyia) schreiberi,-14.895167,-44.758860999999996
13166,Nyssomyia intermedia,-14.895167,-44.758860999999996
13167,Brumptomyia avellari,-19.57061561,-42.56828931
13168,Brumptomyia nitzulescui,-19.57061561,-42.56828931
13169,Micropygomyia (Sauromyia) capixaba,-19.57061561,-42.56828931
13170,Psychodopygus carrerai,-19.57061561,-42.56828931
13171,Psathyromyia (Psathyromyia) lanei,-19.57061561,-42.56828931
13172,Psathyromyia (Forattiniella) pascalei,-19.57061561,-42.56828931
13173,Evandromyia (Barrettomyia) tupynambai,-19.57061561,-42.56828931
13174,Expapillata firmatoi,-22.33385,-46.845917
13175,Migonemyia (Migonemyia) migonei,-22.33385,-46.845917
13176,Nyssomyia whitmani,-22.33385,-46.845917
13177,Psychodopygus ayrozai,-23.6276,-46.886067
13178,Psychodopygus ayrozai,-23.624444,-46.891389000000004
13179,Psychodopygus ayrozai,-23.447257999999998,-46.633297
13180,Migonemyia (Migonemyia) migonei,-23.6276,-46.886067
13181,Migonemyia (Migonemyia) migonei,-23.624444,-46.891389000000004
13182,Migonemyia (Migonemyia) migonei,-23.447257999999998,-46.633297
13183,Pintomyia (Pintomyia) fischeri,-23.6276,-46.886067
13184,Pintomyia (Pintomyia) fischeri,-23.624444,-46.891389000000004
13185,Pintomyia (Pintomyia) fischeri,-23.447257999999998,-46.633297
13186,Pintomyia (Pintomyia) fischeri,-24.555472,-48.678333
13187,Migonemyia (Migonemyia) migonei,-24.555472,-48.678333
13188,Nyssomyia intermedia,-24.555472,-48.678333
13189,Nyssomyia neivai,-24.555472,-48.678333
13190,Pintomyia (Pifanomyia) spinicrassa,7.914222709,-72.80668074
13191,Micropygomyia (Sauromyia) venezuelensis,7.914222709,-72.80668074
13192,Pintomyia nuneztovari,7.914222709,-72.80668074
13193,Hertigia hertigi,5.887583,-74.855181
13194,Evandromyia (Aldamyia) aldafalcaoae,-20.470833,-55.78694399999999
13195,Pintomyia (Pintomyia) christenseni,-10.175833,-48.065833000000005
13196,Evandromyia (Aldamyia) carmelinoi,-10.175833,-48.065833000000005
13197,Evandromyia (Aldamyia) evandroi,-10.175833,-48.065833000000005
13198,Evandromyia (Aldamyia) walkeri,-10.175833,-48.065833000000005
13199,Psathyromyia (Xiphopsathyromyia) hermanlenti,-10.175833,-48.065833000000005
13200,Pintomyia (Pifanomyia) pacae,-2.050733,-59.964296999999995
13201,Evandromyia (Barrettomyia) corumbaensis,-19.0125,-57.625278
13202,Evandromyia (Barrettomyia) corumbaensis,-19.009167,-57.653332999999996
13203,Evandromyia (Barrettomyia) tupynambai,-20.013333,-43.977778
13204,Brumptomyia troglodytes,-20.013333,-43.977778
13205,Psathyromyia (Psathyromyia) lanei,-22.946361,-43.014694
13206,Psychodopygus llanosmartinsi,-10.223056,-54.979721999999995
13207,Psychodopygus wellcomei,-6.086778,-35.184444
13208,Psychodopygus wellcomei,-3.7,-59.11666700000001
13209,Evandromyia (Evandromyia) bourrouli,-8.666667,-48.4125
13210,Evandromyia (Evandromyia) bourrouli,-18.918056,-54.844167000000006
13211,Lutzomyia (Lutzomyia) lichyi,3.7,-76.616667
13212,Pintomyia (Pintomyia) pessoai,-24.742778,-50.075833
13213,Pintomyia (Pintomyia) pessoai,-23.812778,-50.138889
13214,Pintomyia (Pintomyia) pessoai,-23.792778,-50.055833
13215,Pintomyia (Pintomyia) pessoai,-23.777778,-49.95
13216,Pintomyia (Pintomyia) pessoai,-22.91422671,-50.41015559
13217,Pintomyia (Pintomyia) pessoai,-22.1,-46.433333000000005
13218,Pintomyia (Pintomyia) pessoai,-22.52879151,-52.29760609
13219,Brumptomyia brumpti,-22.52879151,-52.29760609
